{
  "display": {
    "title": {
      "text": "Non-vegan",
      "color": "dark_red",
      "bold": true
    },
    "description": {
      "text": "Harm a non-aggressive mob.",
      "color": "red",
      "italic": true
    },
    "icon": {
      "item": "minecraft:barrier"
    },
    "frame": "task",
    "show_toast": true,
    "announce_to_chat": true,
    "hidden": false,
    "background": "minecraft:textures/gui/advancements/backgrounds/stone.png"
  },
  "criteria": {
    "hurt_axolotl": {
      "trigger": "minecraft:player_hurt_entity",
      "conditions": {
        "entity": {
          "type": "minecraft:axolotl"
        }
      }
    },
    "hurt_bat": {
      "trigger": "minecraft:player_hurt_entity",
      "conditions": {
        "entity": {
          "type": "minecraft:bat"
        }
      }
    },
    "hurt_bee": {
      "trigger": "minecraft:player_hurt_entity",
      "conditions": {
        "entity": {
          "type": "minecraft:bee"
        }
      }
    },
    "hurt_cat": {
      "trigger": "minecraft:player_hurt_entity",
      "conditions": {
        "entity": {
          "type": "minecraft:cat"
        }
      }
    },
    "hurt_chicken": {
      "trigger": "minecraft:player_hurt_entity",
      "conditions": {
        "entity": {
          "type": "minecraft:chicken"
        }
      }
    },
    "hurt_cod": {
      "trigger": "minecraft:player_hurt_entity",
      "conditions": {
        "entity": {
          "type": "minecraft:cod"
        }
      }
    },
    "hurt_cow": {
      "trigger": "minecraft:player_hurt_entity",
      "conditions": {
        "entity": {
          "type": "minecraft:cow"
        }
      }
    },
    "hurt_dolphin": {
      "trigger": "minecraft:player_hurt_entity",
      "conditions": {
        "entity": {
          "type": "minecraft:dolphin"
        }
      }
    },
    "hurt_donkey": {
      "trigger": "minecraft:player_hurt_entity",
      "conditions": {
        "entity": {
          "type": "minecraft:donkey"
        }
      }
    },
    "hurt_fox": {
      "trigger": "minecraft:player_hurt_entity",
      "conditions": {
        "entity": {
          "type": "minecraft:fox"
        }
      }
    },
    "hurt_goat": {
      "trigger": "minecraft:player_hurt_entity",
      "conditions": {
        "entity": {
          "type": "minecraft:goat"
        }
      }
    },
    "hurt_glow_squid": {
      "trigger": "minecraft:player_hurt_entity",
      "conditions": {
        "entity": {
          "type": "minecraft:glow_squid"
        }
      }
    },
    "hurt_horse": {
      "trigger": "minecraft:player_hurt_entity",
      "conditions": {
        "entity": {
          "type": "minecraft:horse"
        }
      }
    },
    "hurt_iron_golem": {
      "trigger": "minecraft:player_hurt_entity",
      "conditions": {
        "entity": {
          "type": "minecraft:iron_golem"
        }
      }
    },
    "hurt_llama": {
      "trigger": "minecraft:player_hurt_entity",
      "conditions": {
        "entity": {
          "type": "minecraft:llama"
        }
      }
    },
    "hurt_mooshroom": {
      "trigger": "minecraft:player_hurt_entity",
      "conditions": {
        "entity": {
          "type": "minecraft:mooshroom"
        }
      }
    },
    "hurt_mule": {
      "trigger": "minecraft:player_hurt_entity",
      "conditions": {
        "entity": {
          "type": "minecraft:mule"
        }
      }
    },
    "hurt_ocelot": {
      "trigger": "minecraft:player_hurt_entity",
      "conditions": {
        "entity": {
          "type": "minecraft:ocelot"
        }
      }
    },
    "hurt_parrot": {
      "trigger": "minecraft:player_hurt_entity",
      "conditions": {
        "entity": {
          "type": "minecraft:parrot"
        }
      }
    },
    "hurt_panda": {
      "trigger": "minecraft:player_hurt_entity",
      "conditions": {
        "entity": {
          "type": "minecraft:panda"
        }
      }
    },
    "hurt_pig": {
      "trigger": "minecraft:player_hurt_entity",
      "conditions": {
        "entity": {
          "type": "minecraft:pig"
        }
      }
    },
    "hurt_polar_bear": {
      "trigger": "minecraft:player_hurt_entity",
      "conditions": {
        "entity": {
          "type": "minecraft:polar_bear"
        }
      }
    },
    "hurt_pufferfish": {
      "trigger": "minecraft:player_hurt_entity",
      "conditions": {
        "entity": {
          "type": "minecraft:pufferfish"
        }
      }
    },
    "hurt_rabbit": {
      "trigger": "minecraft:player_hurt_entity",
      "conditions": {
        "entity": {
          "type": "minecraft:rabbit"
        }
      }
    },
    "hurt_salmon": {
      "trigger": "minecraft:player_hurt_entity",
      "conditions": {
        "entity": {
          "type": "minecraft:salmon"
        }
      }
    },
    "hurt_sheep": {
      "trigger": "minecraft:player_hurt_entity",
      "conditions": {
        "entity": {
          "type": "minecraft:sheep"
        }
      }
    },
    "hurt_skeleton_horse": {
      "trigger": "minecraft:player_hurt_entity",
      "conditions": {
        "entity": {
          "type": "minecraft:skeleton_horse"
        }
      }
    },
    "hurt_snow_golem": {
      "trigger": "minecraft:player_hurt_entity",
      "conditions": {
        "entity": {
          "type": "minecraft:snow_golem"
        }
      }
    },
    "hurt_squid": {
      "trigger": "minecraft:player_hurt_entity",
      "conditions": {
        "entity": {
          "type": "minecraft:squid"
        }
      }
    },
    "hurt_strider": {
      "trigger": "minecraft:player_hurt_entity",
      "conditions": {
        "entity": {
          "type": "minecraft:strider"
        }
      }
    },
    "hurt_trader_llama": {
      "trigger": "minecraft:player_hurt_entity",
      "conditions": {
        "entity": {
          "type": "minecraft:trader_llama"
        }
      }
    },
    "hurt_tropical_fish": {
      "trigger": "minecraft:player_hurt_entity",
      "conditions": {
        "entity": {
          "type": "minecraft:tropical_fish"
        }
      }
    },
    "hurt_turtle": {
      "trigger": "minecraft:player_hurt_entity",
      "conditions": {
        "entity": {
          "type": "minecraft:turtle"
        }
      }
    },
    "hurt_villager": {
      "trigger": "minecraft:player_hurt_entity",
      "conditions": {
        "entity": {
          "type": "minecraft:villager"
        }
      }
    },
    "hurt_wandering_trader": {
      "trigger": "minecraft:player_hurt_entity",
      "conditions": {
        "entity": {
          "type": "minecraft:wandering_trader"
        }
      }
    },
    "hurt_wolf": {
      "trigger": "minecraft:player_hurt_entity",
      "conditions": {
        "entity": {
          "type": "minecraft:wolf"
        }
      }
    }
  },
  "requirements": [
    [
      "hurt_axolotl",
      "hurt_bat",
      "hurt_bee",
      "hurt_cat",
      "hurt_chicken",
      "hurt_cod",
      "hurt_cow",
      "hurt_dolphin",
      "hurt_donkey",
      "hurt_fox",
      "hurt_goat",
      "hurt_glow_squid",
      "hurt_horse",
      "hurt_iron_golem",
      "hurt_llama",
      "hurt_mooshroom",
      "hurt_mule",
      "hurt_ocelot",
      "hurt_parrot",
      "hurt_panda",
      "hurt_pig",
      "hurt_polar_bear",
      "hurt_pufferfish",
      "hurt_rabbit",
      "hurt_salmon",
      "hurt_sheep",
      "hurt_skeleton_horse",
      "hurt_snow_golem",
      "hurt_squid",
      "hurt_strider",
      "hurt_trader_llama",
      "hurt_tropical_fish",
      "hurt_turtle",
      "hurt_villager",
      "hurt_wandering_trader",
      "hurt_wolf"
    ]
  ]
}
